,keyword,left_context,keyword_context,right_context
1740,忠,"In the code of the samurai, it is said that",忠,is to serve one's lord even at the cost of life.
1740,义,Justice in the warrior's way demands that,义,be upheld even when it conflicts with personal interest.
1740,仁,The lord must show,仁,"to his subjects, treating them with care and benevolence."
1890,忠,The Imperial Rescript on Education emphasizes,忠,as the supreme duty to the Emperor.
1890,义,"In the Meiji moral education curriculum,",义,is reframed as a public duty for the sake of the nation.
1890,仁,School ethics books redefine,仁,as part of moral education for national citizens.
