time_slice,keyword,context
1740,忠,……尽义于国…… (example 1)
1740,忠,……义勇可嘉…… (example 2)
1740,忠,……仁者爱人…… (example 3)
1740,忠,……仁政施于民…… (example 4)
1740,忠,……恻隐之心…… (example 5)
1740,义,……尽义于国…… (example 1)
1740,义,……义勇可嘉…… (example 2)
1740,义,……仁者爱人…… (example 3)
1740,义,……仁政施于民…… (example 4)
1740,义,……恻隐之心…… (example 5)
1740,仁,……尽义于国…… (example 1)
1740,仁,……义勇可嘉…… (example 2)
1740,仁,……仁者爱人…… (example 3)
1740,仁,……仁政施于民…… (example 4)
1740,仁,……恻隐之心…… (example 5)
1890,忠,……尽忠报国…… (example 1)
1890,忠,……事君尽己…… (example 2)
1890,忠,……义理为先…… (example 3)
1890,忠,……尽义于国…… (example 4)
1890,忠,……义勇可嘉…… (example 5)
1890,义,……尽忠报国…… (example 1)
1890,义,……事君尽己…… (example 2)
1890,义,……义理为先…… (example 3)
1890,义,……尽义于国…… (example 4)
1890,义,……义勇可嘉…… (example 5)
1890,仁,……尽忠报国…… (example 1)
1890,仁,……事君尽己…… (example 2)
1890,仁,……义理为先…… (example 3)
1890,仁,……尽义于国…… (example 4)
1890,仁,……义勇可嘉…… (example 5)
