﻿Year,Keyword,Left_Context,Keyword_Display,Right_Context
1740,忠,……以忠事主，不惜身命……,忠,……忠君报国，唯命是从……
1740,义,……义理之道，裁制人事……,义,……履行义务，守土安民……
1740,仁,……仁者爱人，恻隐为怀……,仁,……仁政施于民，泽被四方……
1890,忠,……以忠事主，不惜身命……,忠,……忠君报国，唯命是从……
1890,义,……义理之道，裁制人事……,义,……履行义务，守土安民……
1890,仁,……仁者爱人，恻隐为怀……,仁,……仁政施于民，泽被四方……
1940,忠,……以忠事主，不惜身命……,忠,……忠君报国，唯命是从……
1940,义,……义理之道，裁制人事……,义,……履行义务，守土安民……
1940,仁,……仁者爱人，恻隐为怀……,仁,……仁政施于民，泽被四方……
